Name,Country,Fuel Type,Basin,Power Capacity (MW),Latitude,Longtitude,Collection ID,L1,L2,L3,L4,L5,L6,L7,L8
Andong power station ,KR,gas,pacific,417,36.595906,128.541298,34170c46-7edb-491d-8a5e-69e7bfd4a741,128.545254,36.599082,128.537342,36.59273,128.537342,36.599082,128.545254,36.59273
Anegasaki thermal power station,JP,gas,pacific,1250,35.486428,140.015795,3740ea61-17a9-4065-bc2b-0e339f02919d,140.021901,35.488046,140.0141,35.481694,140.0141,35.488046,140.021901,35.481694
Ansan power station ,KR,gas,pacific,834,37.2952,126.7788,01c1f141-979a-46b6-a471-f8d92cf6792a,126.782793,37.298376,126.774808,37.292024,126.774808,37.298376,126.782793,37.292024
Anyang CHP power station ,KR,gas,pacific,963,37.39373,126.96706,17302d36-9fe5-404a-99a8-ac237222e165,126.971058,37.396906,126.963063,37.390554,126.963063,37.396906,126.971058,37.390554
Baode Coalbed Methane power station,CN,gas,pacific,144,38.972742,110.979596,1598096d-c569-4a2f-8fc4-d2b7c5b6ac57,110.983681,38.975918,110.975511,38.969566,110.975511,38.975918,110.983681,38.969566
Beijing Energy Caoqiao Gas Thermal power station,CN,gas,pacific,838,39.834924,116.35103,a2570b27-bd30-40da-a5f1-6b3f17f77449,116.355166,39.8381,116.346894,39.831748,116.346894,39.8381,116.355166,39.831748
Beijing Energy Future City Gas and Thermal power station,CN,gas,pacific,255,40.101992,116.468024,b4a45517-d351-48be-9b28-2512ab7ba283,116.472176,40.105168,116.463872,40.098816,116.463872,40.105168,116.472176,40.098816
Beijing Energy Gao'antun Gas Thermal power station,CN,gas,pacific,845,39.947119,116.614327,fbe79ccb-b519-47ff-bb28-d4c660bb1f73,116.61847,39.950295,116.610184,39.943943,116.610184,39.950295,116.61847,39.943943
Beijing Energy Jingfeng Gas Thermal power station,CN,gas,pacific,410,39.812616,116.143368,5271a13f-c8d6-4596-96f9-60266323fa1d,116.147503,39.815792,116.139234,39.80944,116.139234,39.815792,116.147503,39.80944
Beijing Energy Jingxi Gas Thermal power station,CN,gas,pacific,1307,39.942898,116.126776,24df0ef5-b320-4664-a2f5-a50cd5dbaa1f,116.130919,39.946074,116.122634,39.939722,116.122634,39.946074,116.130919,39.939722
Beijing Energy Shangzhuang Gas Thermal power station,CN,gas,pacific,266,40.087064,116.194772,06037064-519e-472d-875e-4908187747c3,116.198923,40.09024,116.190621,40.083888,116.190621,40.09024,116.198923,40.083888
Beijing Energy Sun Palace Gas Thermal power station,CN,gas,pacific,780,39.978557,116.438761,da269564-344c-401a-a450-c379eb174a38,116.442906,39.981733,116.434616,39.975381,116.434616,39.981733,116.442906,39.975381
Beijing Energy Zhuhai Yuhai Gas Thermal power station,CN,gas,pacific,930,22.093095,113.155431,541a088e-6386-497d-bdb9-796df0f9e0b7,113.158859,22.096271,113.152003,22.089919,113.152003,22.096271,113.158859,22.089919
Beijing Zhengdong Electronic Power Group South power station,CN,gas,pacific,122,39.97191,116.494381,2570f8cb-5493-47cc-9fb5-9995f0dc4fb8,116.498525,39.975086,116.490237,39.968734,116.490237,39.975086,116.498525,39.968734
Boryeong power station A ,KR,gas,pacific,1350,36.395831,126.485651,5c80d350-3d92-4220-b61b-dcb62ad5dc75,126.489597,36.399007,126.481705,36.392655,126.481705,36.399007,126.489597,36.392655
Bucheon power station ,KR,gas,pacific,450,37.5225,126.764,1f1fdc7a-2732-4c73-86a3-6f41116c74c1,126.768005,37.525676,126.759996,37.519324,126.759996,37.525676,126.768005,37.519324
Bundang power station ,KR,gas,pacific,922,37.3642,127.1482,59c0060d-807c-4dd1-81c7-6fe7da5b534b,127.152196,37.367376,127.144204,37.361024,127.144204,37.367376,127.152196,37.361024
Busan power station ,KR,gas,pacific,1800,35.0851,129.0003,73ac5a24-e8b2-4ebf-9f0f-2c9c0eb5360a,129.004181,35.088276,128.996419,35.081924,128.996419,35.088276,129.004181,35.081924
Chaozhou Shenzhen Energy Fengquan Lake High tech Zone Gas fired Thermal power plant,CN,gas,pacific,200,23.646523,116.792772,0d6746fe-6581-4890-b15b-f2850024b483,116.796239,23.649699,116.789305,23.643347,116.789305,23.649699,116.796239,23.643347
Chaozhou Shenzhen Energy Ganlu Thermal power station,CN,gas,pacific,200,23.47759,116.598852,4475393a-795c-401e-ba0b-0ecb327c2c62,116.602315,23.480766,116.595389,23.474414,116.595389,23.480766,116.602315,23.474414
Chentangzhuang power station,CN,gas,pacific,1800,38.96213,117.185749,d4224aa0-a7b2-489f-82de-d1b816e7a9e9,117.189834,38.965306,117.181665,38.958954,117.181665,38.965306,117.189834,38.958954
Chiba thermal power station,JP,gas,pacific,4380,35.56457,140.1056,fa2043ce-17f4-439e-9c0b-7329de25c79a,140.109504,35.567746,140.101696,35.561394,140.101696,35.567746,140.109504,35.561394
China Resources Changzhou Zhonglou Distributed Energy Station,CN,gas,pacific,108,31.800297,119.86221,4d06fb06-794f-49f2-a127-066adf5bbb65,119.865947,31.803473,119.858473,31.797121,119.858473,31.803473,119.865947,31.797121
Chita Daini thermal power station,JP,gas,pacific,1708,35.00653,136.864,57c87788-6952-419b-b22a-950499483bac,136.867878,35.009706,136.860123,35.003354,136.860123,35.009706,136.867878,35.003354
Chita thermal power station,JP,gas,pacific,1708,34.98686,136.8441,5ffc593d-5cd8-4314-a80e-797670a1f511,136.847977,34.990036,136.840224,34.983684,136.840224,34.990036,136.847977,34.983684
CNOOC Funing Thermal power station,CN,gas,pacific,200,33.770431,119.841106,5281c175-c1a7-40cb-b89c-b7c4142d195a,119.844927,33.773607,119.837285,33.767255,119.837285,33.773607,119.844927,33.767255
CNOOC Hainan Yangpu Gas power station,CN,gas,pacific,440,19.724684,109.179912,263ed5d1-c1b9-45d3-b46d-8ef03e2be6b6,109.183286,19.72786,109.176538,19.721508,109.176538,19.72786,109.183286,19.721508
CNOOC Putian Gas power station,CN,gas,pacific,1560,25.219753,119.002784,2ad27154-9cc1-4d9f-b0d5-8313c7d999bb,119.006295,25.222929,118.999273,25.216577,118.999273,25.222929,119.006295,25.216577
CNOOC Shenzhen power plant,CN,gas,pacific,595,22.557412,114.491833,2107ee94-4722-4553-b053-8a44d8883ada,114.495272,22.560588,114.488394,22.554236,114.488394,22.560588,114.495272,22.554236
CNOOC Zhongshan Jiaming Gas power station,CN,gas,pacific,2410,22.569977,113.572525,1d32fb1a-8751-4e63-8414-108d173a2b14,113.575965,22.573153,113.569086,22.566801,113.569086,22.573153,113.575965,22.566801
CNOOC Zhuhai Gas power station,CN,gas,pacific,920,21.92294,113.220772,929724b3-9d62-4bfa-abf4-dc7fc66f1cd6,113.224196,21.926116,113.217348,21.919764,113.217348,21.926116,113.224196,21.919764
CR GCL Beijing Gas Thermal power station,CN,gas,pacific,150,39.781342,116.502287,5cb54210-d174-4466-b2b5-3e08636560e6,116.50642,39.784518,116.498154,39.778166,116.498154,39.784518,116.50642,39.778166
Daegu CHP power station,KR,gas,pacific,415,35.882469,128.705125,0d0e34e6-9480-4360-ba9b-92a2d79c5552,128.709045,35.885645,128.701205,35.879293,128.701205,35.885645,128.709045,35.879293
Dangjin Combined Cycle power station A,KR,gas,pacific,1200,36.959,126.7825,fa67665a-fdc1-4db5-9ce4-77e85318899f,126.786475,36.962176,126.778525,36.955824,126.778525,36.962176,126.786475,36.955824
Dangjin Combined Cycle power station B,KR,gas,pacific,1200,36.955031,126.783659,1aef7775-2686-48af-9d5f-7411342bed6a,126.787634,36.958207,126.779685,36.951855,126.779685,36.958207,126.787634,36.951855
Datang Baochang Gas power station,CN,gas,pacific,1160,22.707372,114.027049,b60920fe-366c-48ec-a3cf-fa5ce1de5ff2,114.030492,22.710548,114.023606,22.704196,114.023606,22.710548,114.030492,22.704196
Datang Foshan Gas power station,CN,gas,pacific,800,22.907718,112.813399,b9732182-bb13-40f8-b754-71088f331689,112.816847,22.910894,112.809951,22.904542,112.809951,22.910894,112.816847,22.904542
Datang Gaoyao Jintao Gas Thermal power station,CN,gas,pacific,800,23.13353,112.778383,8cc95eb9-fcf1-40e5-a2f4-589ea2c3266a,112.781837,23.136706,112.774929,23.130354,112.774929,23.136706,112.781837,23.130354
Datang Haikou Gas power station,CN,gas,pacific,974,19.913828,110.151883,2a483009-5939-41a5-8cf5-236ca7d1465a,110.155261,19.917004,110.148505,19.910652,110.148505,19.917004,110.155261,19.910652
Datang Jiangshan Xincheng Thermal power station,CN,gas,pacific,240,28.629348,118.529704,d2f6a690-b806-448c-93d8-77e875cf9311,118.533323,28.632524,118.526086,28.626172,118.526086,28.632524,118.533323,28.626172
Datang Jiangyan Gas Thermal power station,CN,gas,pacific,360,32.481428,120.097338,17d50090-c6f8-4685-90f2-ded91187b6d9,120.101103,32.484604,120.093573,32.478252,120.093573,32.484604,120.101103,32.478252
Datang Jintan Gas Thermal power station,CN,gas,pacific,918,31.773087,119.608947,7dba2a5b-cf40-48d8-96c1-6f53026351c5,119.612683,31.776263,119.605211,31.769911,119.605211,31.776263,119.612683,31.769911
Datang Lishui Gas Thermal power station,CN,gas,pacific,200,31.680566,118.999543,f94e6256-a4ef-4b58-bb38-b92ccc767420,119.003275,31.683742,118.995811,31.67739,118.995811,31.683742,119.003275,31.67739
Datang Shaoxing Jiangbin Thermal power station,CN,gas,pacific,904,30.13162,120.692748,176de1b6-1652-40cd-a55b-26162b46f617,120.69642,30.134796,120.689076,30.128444,120.689076,30.134796,120.69642,30.128444
Datang Suzhou Gas Thermal power station,CN,gas,pacific,400,31.037376,120.759901,c189d782-2502-48a7-8ef8-28d28788b507,120.763608,31.040552,120.756194,31.0342,120.756194,31.040552,120.763608,31.0342
Datang Wanning Gas power station,CN,gas,pacific,920,18.913193,110.370316,e93e15f2-6a9c-4548-ae32-6939bfb754f2,110.373673,18.916369,110.366959,18.910017,110.366959,18.916369,110.373673,18.910017
Dongducheon power station ,KR,gas,pacific,1716,37.900824,127.091363,4a049039-58da-468c-956a-986189139537,127.095388,37.904,127.087338,37.897648,127.087338,37.904,127.095388,37.897648
Dongguan Humen Gas power station,CN,gas,pacific,300,22.815288,113.624786,d1b01ddb-dc08-41b8-8798-1963482baf82,113.628232,22.818464,113.62134,22.812112,113.62134,22.818464,113.628232,22.812112
Dongguan Zhongdian New Energy Thermal power station,CN,gas,pacific,1300,22.975775,113.828442,f7257680-8213-4e6d-9f57-32cc21ca453a,113.831892,22.978951,113.824992,22.972599,113.824992,22.978951,113.831892,22.972599
Dongguan Zhongming Gas power station,CN,gas,pacific,360,22.972014,113.845928,dd10ce63-701e-4652-a69d-a58adc5d99b2,113.849378,22.97519,113.842478,22.968838,113.842478,22.97519,113.849378,22.968838
Dongguan Zhongtang Gas Thermal power station,CN,gas,pacific,1840,23.113609,113.66788,fc29d3e8-6536-44f0-9ad5-dd90f81956d4,113.671333,23.116785,113.664427,23.110433,113.664427,23.116785,113.671333,23.110433
Dongtan 2 CHP power station ,KR,gas,pacific,800,37.1755,127.0927,97afa0b2-2279-42ba-8f3b-878971328bc0,127.096686,37.178676,127.088714,37.172324,127.088714,37.178676,127.096686,37.172324
East Asia Power Wuxi Gas power station,CN,gas,pacific,800,31.695354,120.465971,35aefa27-bd4c-4cce-9f85-a6236fdca7a4,120.469704,31.69853,120.462238,31.692178,120.462238,31.69853,120.469704,31.692178
Foshan Funeng Gas power station,CN,gas,pacific,360,23.038279,113.04771,6298bc99-bc36-4611-a49c-91be285548e6,113.051161,23.041455,113.044259,23.035103,113.044259,23.041455,113.051161,23.035103
Funamachi power plant,JP,gas,pacific,149,34.62963,135.4575,caa5f443-1ac8-4286-8164-85487fd021fe,135.46136,34.632806,135.45364,34.626454,135.45364,34.632806,135.46136,34.626454
Futtsu thermal power station,JP,gas,pacific,5333,35.34471,139.8349,39db960b-f6b4-4012-b8d1-a2760fc62a67,139.838794,35.347886,139.831006,35.341534,139.831006,35.347886,139.838794,35.341534
Gaojing power station,CN,gas,pacific,700,39.940993,116.124474,49f00a0c-9462-4268-abe3-04e3b82f2c0f,116.128617,39.944169,116.120332,39.937817,116.120332,39.944169,116.128617,39.937817
GCL Gaozhou Distributed Gas power station,CN,gas,pacific,150,21.825063,110.836366,6cfe680c-02e9-4018-84a7-56d2aecbe060,110.839787,21.828239,110.832945,21.821887,110.832945,21.828239,110.839787,21.821887
GCL Guangzhou Lantian Gas Thermal power station,CN,gas,pacific,360,23.212501,113.572592,f6266e65-b171-4da0-acfe-df1df90dbf4f,113.576048,23.215677,113.569136,23.209325,113.569136,23.215677,113.576048,23.209325
GCL Kunshan Lantian Distributed Gas power station,CN,gas,pacific,120,31.447321,120.903723,626ad0d8-2683-4072-9f91-68b837b94496,120.907446,31.450497,120.9,31.444145,120.9,31.450497,120.907446,31.444145
GCL Nanjing Lantian Gas Thermal power station,CN,gas,pacific,400,31.881775,118.83744,92da8532-235f-468a-940b-3973896eb956,118.84118,31.884951,118.8337,31.878599,118.8337,31.884951,118.84118,31.878599
GCL Qinzhou Zhongma Distributed Gas power station,CN,gas,pacific,150,21.756051,108.668202,ad1b952a-22eb-417c-addf-91800df60ae4,108.671622,21.759227,108.664782,21.752875,108.664782,21.759227,108.671622,21.752875
GCL Suzhou Economic Zone Lantian Gas Thermal power station,CN,gas,pacific,360,31.300607,120.799921,a851835f-7d8e-410d-83b8-53e15c181c28,120.803638,31.303783,120.796204,31.297431,120.796204,31.303783,120.803638,31.297431
GCL Suzhou Economic Zone North Gas Thermal power station,CN,gas,pacific,360,31.332014,120.655939,2c8bfaef-cc6c-46e1-a794-6c0db4ac747c,120.659657,31.33519,120.652221,31.328838,120.652221,31.33519,120.659657,31.328838
GCL Wuxi Lantian Gas Thermal power station,CN,gas,pacific,400,31.580909,120.417291,4db53b14-a8e7-4309-9090-24b9f32a89c3,120.421019,31.584085,120.413563,31.577733,120.413563,31.584085,120.421019,31.577733
Guangzhou Pearl River LNG power station,CN,gas,pacific,780,22.814326,113.5654,528d32fa-3d7f-4d7a-a8f9-3fc5197cbd69,113.568846,22.817502,113.561954,22.81115,113.561954,22.817502,113.568846,22.81115
Guangzhou University City Distributed Gas power station,CN,gas,pacific,156,23.023378,113.398392,cca4bb99-da94-4236-9236-4bc31ce47740,113.401843,23.026554,113.394941,23.020202,113.394941,23.026554,113.401843,23.020202
Gunsan CC power station ,KR,gas,pacific,718,35.9836,126.7307,07331937-62c4-4c68-9857-cdfba38e4e7e,126.734625,35.986776,126.726775,35.980424,126.726775,35.986776,126.734625,35.980424
Guodian Nanxun Gas Thermal power station,CN,gas,pacific,200,30.860082,120.346731,be0dd028-ab19-49cd-8830-e963c2125fb0,120.350431,30.863258,120.343031,30.856906,120.343031,30.863258,120.350431,30.856906
Guodian Zhongshan Minzhong Gas Thermal power station,CN,gas,pacific,538,22.67285,113.496632,4e53ff85-ee02-4e56-8d26-73d8d7cc4fb9,113.500074,22.676026,113.49319,22.669674,113.49319,22.676026,113.500074,22.669674
Guohua Yuyao Gas power station,CN,gas,pacific,780,30.066544,121.103506,fd5a89cc-a2e8-43d0-85e8-7112bce79576,121.107176,30.06972,121.099836,30.063368,121.099836,30.06972,121.107176,30.063368
Guoxin Gaoyou Gas Thermal power station,CN,gas,pacific,200,32.820208,119.477512,856217ee-e6c8-4ba5-9165-bf3c64de46eb,119.481291,32.823384,119.473733,32.817032,119.473733,32.823384,119.481291,32.817032
Guoxin Huai'an Gas Thermal power station,CN,gas,pacific,360,33.463756,119.159463,302fd93c-9a05-47cd-bfff-334bb3d9bbe2,119.16327,33.466932,119.155656,33.46058,119.155656,33.466932,119.16327,33.46058
Guoxin Huai'an No.2 Gas Thermal power station,CN,gas,pacific,920,33.376849,119.030217,094da58b-8781-4f38-b8e7-9f5ae115d64a,119.03402,33.380025,119.026414,33.373673,119.026414,33.380025,119.03402,33.373673
Guoxin Yizheng Gas Thermal power station,CN,gas,pacific,200,32.301681,119.186361,52e05327-68cf-4469-bfba-e3395db0aa1b,119.190119,32.304857,119.182604,32.298505,119.182604,32.304857,119.190119,32.298505
Gwangyang power station ,KR,gas,pacific,1126,34.8895,127.7747,0f81bd22-43d0-4c0d-b808-8816a29aad70,127.778572,34.892676,127.770828,34.886324,127.770828,34.892676,127.778572,34.886324
Hanam CHP power station ,KR,gas,pacific,399,37.5522,127.18704,ac961a2e-027a-4b17-8a6a-f71c098df2cd,127.191046,37.555376,127.183034,37.549024,127.183034,37.555376,127.191046,37.549024
Hangzhou Banshan power station,CN,gas,pacific,2415,30.361012,120.141861,8dd7036b-368b-4d18-8188-99b35eccf822,120.145542,30.364188,120.13818,30.357836,120.13818,30.364188,120.145542,30.357836
Hanneng Power Tunkou Gas power station,CN,gas,pacific,123,30.470794,114.203538,bdaba566-7ef6-4ec2-98be-dca0f98b2858,114.207223,30.47397,114.199853,30.467618,114.199853,30.47397,114.207223,30.467618
Hefei Airport Distributed Gas power station,CN,gas,pacific,120,31.961048,117.020871,add15f94-470b-482d-aafd-534f3588dc69,117.024615,31.964224,117.017128,31.957872,117.017128,31.964224,117.024615,31.957872
Higashi Niigata thermal power station,JP,gas,pacific,4110,38.00001,139.2416,181b7618-2d23-464b-aefd-866db6be2fe7,139.245631,38.003186,139.23757,37.996834,139.23757,38.003186,139.245631,37.996834
Higashi Ohgishima thermal power station,JP,gas,pacific,2000,35.49492,139.7456,1a26d982-da60-4bf3-8bd8-5abe399d9699,139.749501,35.498096,139.741699,35.491744,139.741699,35.498096,139.749501,35.491744
Himeji Daiichi power station,JP,gas,pacific,1442,34.77301,134.6666,febba916-cd2a-4d8c-8f8f-f469401f7a41,134.670467,34.776186,134.662734,34.769834,134.662734,34.776186,134.670467,34.769834
Himeji Daini power station,JP,gas,pacific,2919,34.772613,134.693352,c1bbd258-3064-46df-97e3-4692ba403ad6,134.692767,34.775366,134.685034,34.769014,134.685034,34.775366,134.692767,34.769014
Huachen Zhangjiagang Huaxing Gas power station,CN,gas,pacific,1580,31.88699,120.595839,fc49f114-4857-4473-a8a9-10f52db0caea,120.59958,31.890166,120.592099,31.883814,120.592099,31.890166,120.59958,31.883814
Huadian Beijing Zhengchangzhuang Thermal power station,CN,gas,pacific,508,39.889522,116.272586,8868ce90-d0d8-489c-ab3f-cbcc0674ce06,116.276726,39.892698,116.268447,39.886346,116.268447,39.892698,116.276726,39.886346
Huadian Beiran Gas Thermal power station,CN,gas,pacific,228,39.907848,116.694629,365555be-01e2-4c26-ab36-8d65142f8d86,116.69877,39.911024,116.690489,39.904672,116.690489,39.911024,116.69877,39.904672
Huadian Hangzhou Xiasha Thermal power station,CN,gas,pacific,246,30.340843,120.349535,c98c55cc-7647-41c8-9905-add3551bfbd3,120.353215,30.344019,120.345855,30.337667,120.345855,30.344019,120.353215,30.337667
Huadian Jiangdong Thermal power station,CN,gas,pacific,960,30.343409,120.552169,9b959a28-e27e-4657-a47c-9f8a21e53895,120.555849,30.346585,120.548489,30.340233,120.548489,30.346585,120.555849,30.340233
Huadian Jiangmen Distributed Gas power station,CN,gas,pacific,230,22.693712,112.996593,45f66a74-bfb6-482e-b0b8-1552f5e2ac34,113.000036,22.696888,112.993151,22.690536,112.993151,22.696888,113.000036,22.690536
Huadian Kunshan Thermal power plant,CN,gas,pacific,902,31.34691,121.057601,e8c92c06-fe83-47fc-b8c2-dd0ec5e8d885,121.06132,31.350086,121.053882,31.343734,121.053882,31.350086,121.06132,31.343734
Huadian Longyou Thermal power station,CN,gas,pacific,406,29.102801,119.223022,860ddc74-f218-4891-8967-e09f7127919c,119.226657,29.105977,119.219387,29.099625,119.219387,29.105977,119.226657,29.099625
Huadian Nanning Jiangnan Distributed Gas power station,CN,gas,pacific,120,22.799468,108.238976,9d4505b5-0665-4e9f-a362-6d7722367fc9,108.242421,22.802644,108.235531,22.796292,108.235531,22.802644,108.242421,22.796292
Huadian Pingshan Distributed Gas power station,CN,gas,pacific,365,22.727749,114.396292,30d847a9-e634-4f35-b0e3-746854dfc40e,114.399735,22.730925,114.392849,22.724573,114.392849,22.730925,114.399735,22.724573
Huadian Qingyuan Economic Cooperation Zone Gas fired Thermal power station,CN,gas,pacific,920,24.323807,113.397422,d2c9fc5f-91e2-470a-8e10-2259013dab39,113.400908,24.326983,113.393937,24.320631,113.393937,24.326983,113.400908,24.320631
Huadian Qishuyan Gas power station,CN,gas,pacific,2170,31.735994,120.036947,461da91a-eeba-427c-abda-8dbba600f97a,120.040682,31.73917,120.033213,31.732818,120.033213,31.73917,120.040682,31.732818
Huadian Sanshui Distributed Gas power station,CN,gas,pacific,118,23.259401,112.990974,8f9c525a-75b7-4a10-989c-f1a3688ab732,112.994431,23.262577,112.987517,23.256225,112.987517,23.262577,112.994431,23.256225
Huadian Shanghai Fengxian Gas power station,CN,gas,pacific,1580,30.976344,121.495892,67ac0e1d-fbca-453d-b353-f1ee56d8c620,121.499596,30.97952,121.492188,30.973168,121.492188,30.97952,121.499596,30.973168
Huadian Shijiazhuang Thermal power station,CN,gas,pacific,906,38.06214,114.523836,30fbd35b-a008-4ff7-a104-72a634775a32,114.52787,38.065316,114.519802,38.058964,114.519802,38.065316,114.52787,38.058964
Huadian Tianjin Beichen Distributed Gas power station,CN,gas,pacific,120,39.300646,117.190542,2a257d2f-af42-496e-848d-4bb51e7b958e,117.194646,39.303822,117.186438,39.29747,117.186438,39.303822,117.194646,39.29747
Huadian Tianjin Fuyuan Thermal power station,CN,gas,pacific,400,39.434616,116.983947,79b62dae-4b01-4969-bd35-4ba48425cfd3,116.988059,39.437792,116.979835,39.43144,116.979835,39.437792,116.988059,39.43144
Huadian Tianjin Nanjiang Thermal power station,CN,gas,pacific,930,38.958533,117.576068,090ac2c5-b4af-4f90-8933-ae1c9cd13bf1,117.580153,38.961709,117.571984,38.955357,117.571984,38.961709,117.580153,38.955357
Huadian Wangting power station,CN,gas,pacific,780,31.44435,120.437,933e91bb-f0df-4852-80ae-83910d392bee,120.440723,31.447526,120.433277,31.441174,120.433277,31.447526,120.440723,31.441174
Huadian Wuchang Gas Thermal power station,CN,gas,pacific,370,30.579805,114.312095,11e95367-8f4d-4908-9b9d-40567a0f315a,114.315784,30.582981,114.308406,30.576629,114.308406,30.582981,114.315784,30.576629
Huadian Wujiang Gas power station,CN,gas,pacific,360,30.973956,120.628798,99e78336-5154-4b89-bc8e-9e1a2123a100,120.632502,30.977132,120.625094,30.97078,120.625094,30.977132,120.632502,30.97078
Huadian Xiangyang Fancheng Gas Thermal power station,CN,gas,pacific,246,32.07576,112.086038,6ec0543e-8d70-4cd2-acdd-7db39cddaea3,112.089786,32.078936,112.08229,32.072584,112.08229,32.078936,112.089786,32.072584
Huadian Yangzhou Gas power station,CN,gas,pacific,950,32.42998,119.4759,95e4d2bd-d22c-431a-99bd-96b083780fe3,119.479663,32.433156,119.472137,32.426804,119.472137,32.433156,119.479663,32.426804
Huadian Yizheng Thermal power station,CN,gas,pacific,600,32.287236,119.054979,b8c56c3d-03ce-45c4-911b-10e3901badd4,119.058736,32.290412,119.051222,32.28406,119.051222,32.290412,119.058736,32.28406
Huadian Zengcheng Gas Thermal power station,CN,gas,pacific,1340,23.172274,113.676664,47278c29-3c99-49f6-8946-6f79e123ec7b,113.680119,23.17545,113.673209,23.169098,113.673209,23.17545,113.680119,23.169098
Huadian Zizhuang Gas power station,CN,gas,pacific,120,31.059585,121.357885,a418651f-5c33-4ea4-860f-e9266cbda277,121.361593,31.062761,121.354178,31.056409,121.354178,31.062761,121.361593,31.056409
Huaneng Beijing power station,CN,gas,pacific,2767,39.88448,116.535928,dea775f8-53bc-403b-947a-f84c92987119,116.540067,39.887656,116.531789,39.881304,116.531789,39.887656,116.540067,39.881304
Huaneng Chongqing Liangjiang Gas power station,CN,gas,pacific,940,29.784345,106.512695,dbc34699-76cb-4064-8085-22975c6c997f,106.516355,29.787521,106.509036,29.781169,106.509036,29.787521,106.516355,29.781169
Huaneng Dongguan Gas Thermal power station,CN,gas,pacific,946,22.983207,114.102517,2f739116-675f-46cd-b499-957801591630,114.105967,22.986383,114.099067,22.980031,114.099067,22.986383,114.105967,22.980031
Huaneng Guilin Distributed Gas power station,CN,gas,pacific,210,25.210686,110.180593,d6ad9715-872b-4ab9-a92a-e2e0848a55a5,110.184103,25.213862,110.177083,25.20751,110.177083,25.213862,110.184103,25.20751
Huaneng Jiangyin Gas Thermal power station,CN,gas,pacific,800,31.759171,120.385457,9946db6c-4ee9-46b2-aaf9-9e8c8e8876ef,120.389192,31.762347,120.381722,31.755995,120.381722,31.762347,120.389192,31.755995
Huaneng Nanjing Jinling Gas power station,CN,gas,pacific,1162,32.170428,119.011004,d60e3ead-cfef-477f-8971-e57d557fe85d,119.014756,32.173604,119.007252,32.167252,119.007252,32.173604,119.014756,32.167252
Huaneng Nanshan Gas power station,CN,gas,pacific,132,18.318066,109.159802,40ffef02-e833-4439-95c4-a213bf2d3ee6,109.163148,18.321242,109.156457,18.31489,109.156457,18.321242,109.163148,18.31489
Huaneng Shanghai Gas power station,CN,gas,pacific,1200,31.4639,121.4044,9fb830f4-1349-40de-9222-647fd9333396,121.408124,31.467076,121.400677,31.460724,121.400677,31.467076,121.408124,31.460724
Huaneng Suzhou Gas power station,CN,gas,pacific,510,31.262456,120.564338,1b21fc7c-ceda-442b-bf40-2f7762327591,120.568054,31.265632,120.560623,31.25928,120.560623,31.265632,120.568054,31.25928
Huaneng Taiyuan Dongshan Gas Thermal power station,CN,gas,pacific,860,37.888739,112.664857,6c96e482-9041-4658-9289-4d70308dd1c7,112.668882,37.891915,112.660833,37.885563,112.660833,37.891915,112.668882,37.885563
Huaneng Tianjin Lingang Gas Thermal power station,CN,gas,pacific,463,38.923729,117.72779,8d2e634a-c63f-40de-a626-72712bc09913,117.731873,38.926905,117.723708,38.920553,117.723708,38.926905,117.731873,38.920553
Huaneng Yangpu Cogen power station,CN,gas,pacific,990,19.832144,109.203812,765c3481-8400-4b90-8c1a-7db517bf03a7,109.207188,19.83532,109.200436,19.828968,109.200436,19.83532,109.207188,19.828968
Huaneng Zhongyuan Gas power station,CN,gas,pacific,780,32.957829,114.063822,07ea187a-3e31-400f-87f3-1c663d9c2587,114.067607,32.961005,114.060037,32.954653,114.060037,32.961005,114.067607,32.954653
Huanneng Tongxiang Gas Thermal power station,CN,gas,pacific,458,30.593104,120.35733,6fbe810b-d79c-4dab-a1d5-e17ed00558d5,120.36102,30.59628,120.353641,30.589928,120.353641,30.59628,120.36102,30.589928
Hwasung power station ,KR,gas,pacific,512,37.21903,127.08174,c44a3353-8fdb-4637-8dcc-5b9ca766d2c6,127.085728,37.222206,127.077752,37.215854,127.077752,37.222206,127.085728,37.215854
Ibaraki power plant,JP,gas,pacific,219,36.53835,140.3811,a34e3f97-c8d5-464e-ba3e-13e05298294b,140.385053,36.541526,140.377147,36.535174,140.377147,36.541526,140.385053,36.535174
Ichihara power plant,JP,gas,pacific,110,35.5444,140.0933,c3a60fc1-a29d-4c26-b137-1a7cb6d29b7c,140.097204,35.547576,140.089397,35.541224,140.089397,35.547576,140.097204,35.541224
Ilsan power station ,KR,gas,pacific,930,37.647871,126.797366,805b4cae-f8b1-4648-9096-b0f85d66676a,126.801377,37.651047,126.793355,37.644695,126.793355,37.651047,126.801377,37.644695
Inner Mongolia Sulige Gas power station,CN,gas,pacific,300,38.539665,108.813119,7c4ca62c-9acf-49b1-8729-a69c3db14ed7,108.81718,38.542841,108.809059,38.536489,108.809059,38.542841,108.81718,38.536489
Ishikariwan Shinko power station,JP,gas,pacific,569,43.194073,141.273575,a59e3fcd-bbe5-431e-9b15-a31ee3127489,141.277932,43.197249,141.269219,43.190897,141.269219,43.197249,141.277932,43.190897
JFE Steel West power station,JP,gas,pacific,282,35.58271,140.0969,d6154cda-4115-4550-833c-b5e40c8305b1,140.100805,35.585886,140.092995,35.579534,140.092995,35.585886,140.100805,35.579534
Jiangmen Distributed Natural Gas power station,CN,gas,pacific,120,22.576336,113.162253,cfad57d1-1318-4360-979e-a1636fd7352c,113.165693,22.579512,113.158813,22.57316,113.158813,22.579512,113.165693,22.57316
Jiangsu Huafeng Microfiber Distributed Energy Station,CN,gas,pacific,100,32.03667,121.729948,2af05dd9-1e5a-4e11-85c9-b2f195f02e89,121.733695,32.039846,121.726202,32.033494,121.726202,32.039846,121.733695,32.033494
Jiangsu Nantong power station,CN,gas,pacific,400,32.016715,121.053118,08e5964a-9974-41b3-80bb-b1156d2dd5ee,121.056864,32.019891,121.049372,32.013539,121.049372,32.019891,121.056864,32.013539
Jiangsu Zhenjiang Gas Thermal power station,CN,gas,pacific,950,32.12704,119.479817,4c001929-9731-4fba-843b-f228ada3ae86,119.483567,32.130216,119.476067,32.123864,119.476067,32.130216,119.483567,32.123864
Jiangyin Cogen power station,CN,gas,pacific,200,31.839448,120.405169,65a7917a-a748-401a-9bb4-a58fc3a810d1,120.408908,31.842624,120.401431,31.836272,120.401431,31.842624,120.408908,31.836272
Jinjiang Gas power station,CN,gas,pacific,1560,24.563737,118.643338,d22dbb2c-04f4-46f5-89da-86c5ea3cadae,118.64683,24.566913,118.639846,24.560561,118.639846,24.566913,118.64683,24.560561
Jiulong Paper Mill power station,CN,gas,pacific,175,23.034925,113.53656,bf67039b-1f77-44a6-8061-d2f4da7ecd65,113.540011,23.038101,113.533109,23.031749,113.533109,23.038101,113.540011,23.031749
Joetsu thermal power station,JP,gas,pacific,2380,37.20614,138.2785,99e030dd-c37a-402c-a723-d113c38e10ee,138.282488,37.209316,138.274513,37.202964,138.274513,37.209316,138.282488,37.202964
JR East Kawasaki power plant,JP,gas,pacific,796,35.49814,139.7189,56af56a2-6056-466b-b4c3-9df7c5ecd95a,139.722801,35.501316,139.714999,35.494964,139.714999,35.501316,139.722801,35.494964
Junliangcheng power station,CN,gas,pacific,650,39.053913,117.409996,9a629fe2-afc0-42ab-a22e-eebd7c2eb2a7,117.414086,39.057089,117.405906,39.050737,117.405906,39.057089,117.414086,39.050737
Kakowaga Works power station,JP,gas,pacific,600,34.71511,134.8266,d1a90dc4-6592-47b5-bddd-2d7c6a5b8d31,134.830464,34.718286,134.822736,34.711934,134.822736,34.718286,134.830464,34.711934
Kashima South Joint power station,JP,gas,pacific,107,35.915329,140.704025,2fe0c833-428f-4b11-8b7d-db363e325133,140.707947,35.918505,140.700104,35.912153,140.700104,35.918505,140.707947,35.912153
Kashima thermal power station,JP,gas,pacific,420,35.91698,140.7017,52bc4632-0d2e-4ef7-9990-6608c4443dfb,140.705622,35.920156,140.697779,35.913804,140.697779,35.920156,140.705622,35.913804
Kawagoe thermal power station,JP,gas,pacific,4802,35.00751,136.689124,5018b034-6c1c-409a-a84f-664bc0bffc5b,136.693002,35.010686,136.685247,35.004334,136.685247,35.010686,136.693002,35.004334
Kawasaki Natural Gas power station,JP,gas,pacific,847,35.49888,139.7252,1909ad0c-8138-497f-b452-cec05483d523,139.729101,35.502056,139.721299,35.495704,139.721299,35.502056,139.729101,35.495704
Kawasaki thermal power station,JP,gas,pacific,3420,35.5128,139.7623,4cd344fc-dced-4a94-96ce-72b1fc63e5a3,139.766202,35.515976,139.758398,35.509624,139.758398,35.515976,139.766202,35.509624
Kawatetsu Chiba Clean power station,JP,gas,pacific,410,35.57833,140.0959,382ac8f5-0cb7-4049-93ac-0144afa248df,140.099805,35.581506,140.091995,35.575154,140.091995,35.581506,140.099805,35.575154
KOMIPO Incheon power station ,KR,gas,pacific,1463,37.5109,126.609,170b25eb-01f2-4b71-aa12-a2cea47c8d24,126.613004,37.514076,126.604996,37.507724,126.604996,37.514076,126.613004,37.507724
Luoyang Wanzhong Jili Gas Thermal power station,CN,gas,pacific,900,34.908259,112.624757,0c7696c6-ea6c-4cc6-8eab-a31dcd2c912e,112.62863,34.911435,112.620884,34.905083,112.620884,34.911435,112.62863,34.905083
Minami Yokohama thermal power station,JP,gas,pacific,1150,35.40435,139.6372,83c199dd-053f-4236-8996-b02309fa2673,139.641097,35.407526,139.633304,35.401174,139.633304,35.407526,139.641097,35.401174
Mizushima power plant,JP,gas,pacific,625,34.50799,133.7462,703e7567-1983-4c5c-b289-68487bd06917,133.750054,34.511166,133.742346,34.504814,133.742346,34.511166,133.750054,34.504814
Moka power plant,JP,gas,pacific,1248,36.45724,139.974,42556300-f8bb-4c29-a9bb-c695ecf7f1cb,139.977949,36.460416,139.970051,36.454064,139.970051,36.460416,139.977949,36.454064
Nakasode Clean power station,JP,gas,pacific,100,35.45422,139.9824,772cf01a-e72a-4ad7-b223-575b2e87aba5,139.986299,35.457396,139.978501,35.451044,139.978501,35.457396,139.986299,35.451044
Nanhai Changhai power station A,CN,gas,pacific,200,22.939267,112.899185,8729a6d9-c7d6-4cb0-a3a3-0c551065d1c9,112.902634,22.942443,112.895736,22.936091,112.895736,22.942443,112.902634,22.936091
Nanjing Liuhe District Yangba power station,CN,gas,pacific,156,32.246702,118.805386,f19cd31f-782e-4be6-83ca-4e6d82708ca9,118.809141,32.249878,118.801631,32.243526,118.801631,32.249878,118.809141,32.243526
Nanko power station,JP,gas,pacific,1800,34.61611,135.4046,bf00aceb-0d40-4ea0-987c-b3122d5ca842,135.408459,34.619286,135.400741,34.612934,135.400741,34.619286,135.408459,34.612934
Niigata thermal power station,JP,gas,pacific,109,37.945762,139.080889,18bc3897-5420-4eb4-b87d-d50f0192cd41,139.084917,37.948938,139.076862,37.942586,139.076862,37.948938,139.084917,37.942586
Niihama Kita thermal power station,JP,gas,pacific,150,33.970716,133.250365,ba43a86e-462b-45d8-a64c-edcac189d213,133.254195,33.973892,133.246535,33.96754,133.246535,33.973892,133.254195,33.96754
Ningbo Kefeng Gas Thermal power station,CN,gas,pacific,106,29.873634,121.648857,5d9eab49-cb49-4149-8a3f-58e3604ce416,121.65252,29.87681,121.645194,29.870458,121.645194,29.87681,121.65252,29.870458
Ningbo Lvyuan Natural Gas power station,CN,gas,pacific,101,29.871568,121.413095,c608e123-a2e3-4579-acba-536b5ef881c4,121.416758,29.874744,121.409432,29.868392,121.409432,29.874744,121.416758,29.868392
Ningxia East Gas Thermal power station,CN,gas,pacific,800,38.511733,106.324551,b02a796c-2edc-4ceb-92ac-62e59a53fa1f,106.32861,38.514909,106.320492,38.508557,106.320492,38.514909,106.32861,38.508557
Nishi Nagoya thermal power station,JP,gas,pacific,1188,35.0319,136.832,3074f74b-4a4c-4269-961a-0afbf12ebeba,136.835879,35.035076,136.828121,35.028724,136.828121,35.035076,136.835879,35.028724
Ohgishima power station,JP,gas,pacific,1221,35.4791,139.7022,8820d097-10a4-41a4-b6eb-7be62532e234,139.7061,35.482276,139.6983,35.475924,139.6983,35.482276,139.7061,35.475924
Osan CHP power station ,KR,gas,pacific,474,37.1399,127.05562,c71337e3-07d8-4fab-aa37-b5520d22afd6,127.059604,37.143076,127.051636,37.136724,127.051636,37.143076,127.059604,37.136724
Oseong power station ,KR,gas,pacific,833,37.0254,127.0027,8eb037ed-f02e-4c17-9322-7f9d81452801,127.006678,37.028576,126.998722,37.022224,126.998722,37.028576,127.006678,37.022224
Paju (KDHC) power station ,KR,gas,pacific,515,37.73715,126.71993,95c5d99c-3f1a-4279-8cbf-afed4508e56b,126.723946,37.740326,126.715914,37.733974,126.715914,37.740326,126.723946,37.733974
Paju power station ,KR,gas,pacific,1696,37.829988,126.786044,2545d43a-daf9-4e12-8a19-457bb8d03258,126.790065,37.833164,126.782023,37.826812,126.782023,37.833164,126.790065,37.826812
Pocheon power station ,KR,gas,pacific,900,37.946771,127.171539,36ad72c1-1821-4ad1-ac87-a66a1e95cb97,127.175567,37.949947,127.167512,37.943595,127.167512,37.949947,127.175567,37.943595
POSCO Incheon power station ,KR,gas,pacific,3412,37.507339,126.615388,a1388c5f-bc0c-41da-b4ea-3dd01d785683,126.619392,37.510515,126.611384,37.504163,126.611384,37.510515,126.619392,37.504163
Puxing Clean Energy Anji power station,CN,gas,pacific,158,30.670138,119.685639,5fe82bb8-777a-442d-961d-a0f4d89c0daf,119.689332,30.673314,119.681947,30.666962,119.681947,30.673314,119.689332,30.666962
Puxing Clean Energy Deneng power station,CN,gas,pacific,112,30.555568,120.006221,33d4e0b4-68ac-4f72-af0f-940d1d67dd2a,120.009909,30.558744,120.002533,30.552392,120.002533,30.558744,120.009909,30.552392
Puxing Clean Energy Lantian power station,CN,gas,pacific,112,30.390084,120.126259,ef183ad2-5dd0-4276-96bc-94dac939abf8,120.129941,30.39326,120.122577,30.386908,120.122577,30.39326,120.129941,30.386908
Puxing Clean Energy Quzhou Gas Thermal power station,CN,gas,pacific,230,28.923375,118.769502,36fc313a-5abc-498c-b782-c946e352103a,118.773131,28.926551,118.765873,28.920199,118.765873,28.926551,118.773131,28.920199
Pyeongtaek power station ,KR,gas,pacific,1169,37.0045043,126.7931113,83da5ab7-50c8-47e4-97e4-3dd8b832a5c4,126.797089,37.00768,126.789134,37.001328,126.789134,37.00768,126.797089,37.001328
Pyeongtaek power station B,KR,gas,pacific,1169,37.0058,126.7984,ac0528ee-2ed8-4e0b-9417-835043bd40ea,126.802377,37.008976,126.794423,37.002624,126.794423,37.008976,126.802377,37.002624
Sakai Port power station,JP,gas,pacific,2000,34.57028,135.4419,5ecc0717-9004-44cc-916f-c1f00bea9a6a,135.445757,34.573456,135.438043,34.567104,135.438043,34.573456,135.445757,34.567104
Sakaide power station,JP,gas,pacific,935,34.341399,133.844863,cf355550-aab8-4b16-867e-8adc8e1438a4,133.84871,34.344575,133.841017,34.338223,133.841017,34.344575,133.84871,34.338223
Sejong (KOMIPO) power station,KR,gas,pacific,530,36.468637,127.2471373,1959e67f-3bbb-43f8-896a-fe70052c4505,127.251087,36.471813,127.243188,36.465461,127.243188,36.471813,127.251087,36.465461
Senboku Natural Gas power plant,JP,gas,pacific,1109,34.54175,135.4029,53b50919-608f-403b-9475-3491d70f0548,135.406756,34.544926,135.399044,34.538574,135.399044,34.544926,135.406756,34.538574
Sendai thermal power station,JP,gas,pacific,468,38.31717,141.0735,4bb091fe-f1ba-4d1c-a52e-72f4a3ef743a,141.077548,38.320346,141.069452,38.313994,141.069452,38.320346,141.077548,38.313994
Seoul power station,KR,gas,pacific,800,37.54424556,126.9198614,434690be-5fbf-44e3-88e3-5957d3ac4e40,126.923867,37.547422,126.915856,37.541069,126.915856,37.547422,126.923867,37.541069
Shanghai Caojing Gas Thermal power station,CN,gas,pacific,658,30.762899,121.406645,4feddbd2-901b-499b-b3e3-a10de11b996a,121.410341,30.766075,121.402949,30.759723,121.402949,30.766075,121.410341,30.759723
Shanghai Electric Power Luojing Gas power station,CN,gas,pacific,400,31.467468,121.383146,3698ad6d-9c82-4a2c-bd14-acd109a9bd33,121.38687,31.470644,121.379422,31.464292,121.379422,31.470644,121.38687,31.464292
Shanghai Electric Power Minhang Gas power station,CN,gas,pacific,1213,30.990975,121.377502,b402b4f8-f1fd-4962-85de-aaa7c4e1bcf1,121.381207,30.994151,121.373797,30.987799,121.373797,30.994151,121.381207,30.987799
Shanxi International Electricity Group Taiyuan Jiajie Gas Thermal power station,CN,gas,pacific,860,37.756969,112.545759,39ef6d1e-7c20-46ce-80a1-fe28218959f8,112.549776,37.760145,112.541742,37.753793,112.541742,37.760145,112.549776,37.753793
Shenergy Chongming Gas power station,CN,gas,pacific,848,31.588556,121.473926,01f56e0d-8952-4772-9324-9404993f3b48,121.477655,31.591732,121.470198,31.58538,121.470198,31.591732,121.477655,31.58538
Shenergy Shanghai Fengxian Gas Thermal power station,CN,gas,pacific,920,30.820439,121.436126,9517c672-b17d-40db-ba27-b34c90cc24ff,121.439824,30.823615,121.432428,30.817263,121.432428,30.823615,121.439824,30.817263
Shenergy Shanghai Lingang Gas power station,CN,gas,pacific,1600,30.850728,121.787516,9d2fe7c1-a79f-4c22-b660-dc73b1379165,121.791216,30.853904,121.783817,30.847552,121.783817,30.853904,121.791216,30.847552
Shenhua Guohua Beijing Gas Thermal power station,CN,gas,pacific,951,39.951257,116.619273,433f1fa1-a367-4854-8bd6-a58d3a735d63,116.623416,39.954433,116.61513,39.948081,116.61513,39.954433,116.623416,39.948081
Shennan Power Dongguan Gaobu Natural Gas power station,CN,gas,pacific,360,23.126695,113.755391,904e9db4-21e0-47b0-9d8a-75396a86f94b,113.758845,23.129871,113.751938,23.123519,113.751938,23.129871,113.758845,23.123519
Shennan Power Nanshan Thermal power station,CN,gas,pacific,540,22.513172,113.893053,2dddebf8-2c5f-4dec-96a6-bd376a75ca7a,113.896491,22.516348,113.889615,22.509996,113.889615,22.516348,113.896491,22.509996
Shenzhen Energy East power station,CN,gas,pacific,1170,22.575253,114.442407,8873edc6-a203-445b-b1c7-122cf4b406c3,114.445847,22.578429,114.438968,22.572077,114.438968,22.578429,114.445847,22.572077
Shenzhen Energy Fengda Gas Thermal power station,CN,gas,pacific,360,22.982217,114.488468,43e75e53-8e9f-4229-985d-4b57dcd6ab15,114.491918,22.985393,114.485018,22.979041,114.485018,22.985393,114.491918,22.979041
Shenzhen Energy Hongwan Gas power station,CN,gas,pacific,360,22.174941,113.472906,a5fce2d4-ad73-4b23-8622-ed208fc64565,113.476336,22.178117,113.469476,22.171765,113.469476,22.178117,113.476336,22.171765
Shenzhen Energy Zhangyang Gas power station,CN,gas,pacific,1140,22.887915,114.09395,3f696034-d306-4f29-bad1-8fc48e39fc13,114.097398,22.891091,114.090503,22.884739,114.090503,22.891091,114.097398,22.884739
Shenzhen Meishi Gas power station,CN,gas,pacific,684,22.54909,113.999293,196f40c2-a71e-4714-add7-91771a2acfe7,114.002732,22.552266,113.995854,22.545914,113.995854,22.552266,114.002732,22.545914
Shenzhen Yuhu Gas power station,CN,gas,pacific,360,22.716169,114.136159,247dc782-3400-49b7-8820-6f5a732a032d,114.139602,22.719345,114.132716,22.712993,114.132716,22.719345,114.139602,22.712993
Shin Kokura thermal power station,JP,gas,pacific,1800,33.909071,130.860984,a8cd86de-b296-4612-ab15-f59d8e56ef47,130.864811,33.912247,130.857157,33.905895,130.857157,33.912247,130.864811,33.905895
Shin Oita power station,JP,gas,pacific,2855,33.268258,131.705147,996eca1c-d36c-4f52-840b-15394a8a0799,131.708946,33.271434,131.701349,33.265082,131.701349,33.271434,131.708946,33.265082
Shin Sendai thermal power station,JP,gas,pacific,468,38.275998,141.039652,25bbe3de-1dc3-4870-9fce-944cb795c2df,141.043698,38.279174,141.035606,38.272822,141.035606,38.279174,141.043698,38.272822
Shin Minato power station,JP,gas,pacific,105,35.60729,140.0763,6133b463-0541-4d38-b48a-8594887a964f,140.080207,35.610466,140.072394,35.604114,140.072394,35.610466,140.080207,35.604114
Shin Nagoya thermal power station,JP,gas,pacific,3058,35.066962,136.87645,f797333e-b2f3-471c-b8d5-c7277526f0b9,136.880331,35.070138,136.87257,35.063786,136.87257,35.070138,136.880331,35.063786
Shinagawa thermal power station,JP,gas,pacific,380,35.62056,139.7564,5730cc95-22ef-4f6b-ac30-f5504c3823af,139.760307,35.623736,139.752493,35.617384,139.752493,35.623736,139.760307,35.617384
Shinincheon power station A,KR,gas,pacific,900,37.535702,126.602519,a75e35a0-4258-45ce-9753-887edf609708,126.606524,37.538878,126.598514,37.532526,126.598514,37.538878,126.606524,37.532526
Shinincheon power station B,KR,gas,pacific,900,37.535778,126.608549,775d5831-e7d0-4695-9c7c-513a6d52c7da,126.612554,37.538954,126.604544,37.532602,126.604544,37.538954,126.612554,37.532602
Sichuan Investment Group Dazhou Gas power station,CN,gas,pacific,700,31.114962,107.484887,6d443d97-ac1a-401e-8b5e-de3f2b6ebc66,107.488597,31.118138,107.481177,31.111786,107.481177,31.118138,107.488597,31.111786
Sodegaura thermal power station,JP,gas,pacific,3600,35.46257,139.9768,717a800f-1539-4cf6-973b-344e8e8f9480,139.9807,35.465746,139.972901,35.459394,139.972901,35.465746,139.9807,35.459394
Soma Port Gas power station,JP,gas,pacific,1180,37.8492,140.9529,95562472-f331-4b65-9221-69b905a56add,140.956922,37.852376,140.948878,37.846024,140.948878,37.852376,140.956922,37.846024
Southern Grid Hainan Qinglan Gas power station,CN,gas,pacific,150,19.568647,110.764405,d189a117-a4eb-47fd-b369-80569edfd91d,110.767776,19.571823,110.761034,19.565471,110.761034,19.571823,110.767776,19.565471
Southern Grid Hainan Wenchang Gas power station,CN,gas,pacific,920,19.788535,110.716477,c31c200c-b299-41b0-8975-0364c3ef5b7d,110.719852,19.791711,110.713102,19.785359,110.713102,19.791711,110.719852,19.785359
SPIC Changshu Thermal power station,CN,gas,pacific,200,31.598177,120.84341,8c184c68-51d4-4179-84b8-96d85cedbe7d,120.847139,31.601353,120.839681,31.595001,120.839681,31.601353,120.847139,31.595001
SPIC Hengqin Gas Thermal power station,CN,gas,pacific,780,22.127294,113.465923,fcb528c4-37f0-4bd0-bf76-50fc55413d5c,113.469352,22.13047,113.462495,22.124118,113.462495,22.13047,113.469352,22.124118
SPIC Jiangmen Gaoxin District Distributed Gas power station,CN,gas,pacific,260,22.537043,113.163246,d5676c68-2d78-456b-aff4-40d876bfa9ca,113.166685,22.540219,113.159807,22.533867,113.159807,22.540219,113.166685,22.533867
SPIC Jiedong Gas Thermal power station,CN,gas,pacific,200,23.615488,116.424782,166ea98f-f6b3-4c63-81a4-97cde66f1336,116.428248,23.618664,116.421316,23.612312,116.421316,23.618664,116.428248,23.612312
SPIC Lisha Island Gas power station,CN,gas,pacific,400,22.956527,113.575401,80c513e2-9f01-4150-9214-0165f7e73ff2,113.57885,22.959703,113.571952,22.953351,113.571952,22.959703,113.57885,22.953351
SPIC Sihui Gas Thermal power station,CN,gas,pacific,800,23.315626,112.785549,22ae7448-452e-4b1e-8703-7b3582d4cc50,112.789008,23.318802,112.782091,23.31245,112.782091,23.318802,112.789008,23.31245
SPIC Zhengzhou Gas power station,CN,gas,pacific,780,34.796774,113.5272,e9f03ab3-fb27-4ed5-85d6-77b3e0136a36,113.531068,34.79995,113.523333,34.793598,113.523333,34.79995,113.531068,34.793598
SPIC Zhoukou Gas power station,CN,gas,pacific,900,33.427935,114.937678,328fc728-7c7e-4af7-a1cc-c9582afddede,114.941484,33.431111,114.933873,33.424759,114.933873,33.431111,114.941484,33.424759
State Grid Lasa Gas power station,CN,gas,pacific,180,29.6516,90.95942,359c88eb-7a7b-478e-b50b-dbcd88a19533,90.963075,29.654776,90.955766,29.648424,90.955766,29.654776,90.963075,29.648424
T Point 2 power station,JP,gas,pacific,566,34.74624,134.7848,a94ef046-970a-4d39-a8b9-5a45199bee15,134.788665,34.749416,134.780935,34.743064,134.780935,34.749416,134.788665,34.743064
Tamashima power station,JP,gas,pacific,340,34.51647,133.6871,c1728308-1771-4aff-beff-f2f179ae9e81,133.690955,34.519646,133.683246,34.513294,133.683246,34.519646,133.690955,34.513294
Tobata power station,JP,gas,pacific,625,33.92675,130.8476,1487972f-ce91-4ed3-a931-44efeea67300,130.851428,33.929926,130.843772,33.923574,130.843772,33.929926,130.851428,33.923574
Tokyo Gas Bay power station,JP,gas,pacific,103,35.47064,139.9766,a0b5befa-444e-409d-8e5e-ffbeccec4b35,139.9805,35.473816,139.9727,35.467464,139.9727,35.473816,139.9805,35.467464
Tokyo Gas Yokosuka power station,JP,gas,pacific,240,35.311237,139.643911,a680e708-ef01-4518-8ecc-8edf724a9ce1,139.647803,35.314413,139.640019,35.308061,139.640019,35.314413,139.647803,35.308061
Toyama Shinko power station,JP,gas,pacific,425,36.7654,137.1286,65d0160b-b206-455d-bda7-ffce38cf0ff7,137.132565,36.768576,137.124636,36.762224,137.124636,36.768576,137.132565,36.762224
Ulsan power station A,KR,gas,pacific,974,35.475513,129.382396,3fefee5f-fe92-4529-8101-073812953852,129.386296,35.478689,129.378496,35.472337,129.378496,35.478689,129.386296,35.472337
Ulsan power station B,KR,gas,pacific,974,35.473163,129.37981,6f5c27d6-0ffd-473e-9385-97dd7041e43b,129.38371,35.476339,129.37591,35.469987,129.37591,35.476339,129.38371,35.469987
Wirye CHP power station ,KR,gas,pacific,450,37.48141,127.15146,08439fae-1133-4623-b6b8-e96bfcd096e4,127.155462,37.484586,127.147458,37.478234,127.147458,37.484586,127.155462,37.478234
Wuhan Donghu Gas Thermal power station,CN,gas,pacific,370,30.486157,114.421491,9557f61a-15ec-44a8-aea9-93afb2955261,114.425177,30.489333,114.417806,30.482981,114.417806,30.489333,114.425177,30.482981
Wuxi West Zone Gas Thermal power station,CN,gas,pacific,400,31.634457,120.232722,f9a79d0a-16be-47fe-8fb1-49e6b687bd58,120.236452,31.637633,120.228992,31.631281,120.228992,31.637633,120.236452,31.631281
Xiamen Dongbu Gas power station,CN,gas,pacific,780,24.54591,118.226434,17a6a427-23a1-4217-97b9-d3ebec523b94,118.229926,24.549086,118.222943,24.542734,118.222943,24.549086,118.229926,24.542734
Xiaoshan power station,CN,gas,pacific,1220,30.05,120.2323,3bdefee8-e7b6-49c7-8313-5e944918effc,120.235969,30.053176,120.228631,30.046824,120.228631,30.053176,120.235969,30.046824
Xinjiang Kelamayi power station,CN,gas,pacific,319,45.69143,85.118875,ce38bd6f-508f-49b9-8719-901620a00ae3,85.123422,45.694606,85.114328,45.688254,85.114328,45.694606,85.123422,45.688254
Xiyang Coalbed Methane power station,CN,gas,pacific,144,37.598774,113.725553,4d6d5760-8f18-417a-838d-dbe194a63cef,113.729562,37.60195,113.721545,37.595598,113.721545,37.60195,113.729562,37.595598
Yanai power station,JP,gas,pacific,1578,33.9536,132.1244,c3d067ff-bcae-4536-ac9c-db48c81afa5c,132.128229,33.956776,132.120571,33.950424,132.120571,33.956776,132.128229,33.950424
Yangju CHP power station ,KR,gas,pacific,524,37.834592,127.100541,ab7b04eb-e754-4866-92a6-8041866fe977,127.104563,37.837768,127.09652,37.831416,127.09652,37.837768,127.104563,37.831416
Yeoju Complex power station ,KR,gas,pacific,1000,37.36166,127.65916,9dd550c8-974e-4dce-b098-1330c5964307,127.663156,37.364836,127.655164,37.358484,127.655164,37.364836,127.663156,37.358484
Yeongnam power station ,KR,gas,pacific,476,35.5139879,129.38339,4f597d14-00c3-43df-adc7-1f4ec023d199,129.387292,35.517164,129.379488,35.510812,129.379488,35.517164,129.387292,35.510812
Yeongwol power station ,KR,gas,pacific,848,37.162939,128.492275,9c289bec-fdab-4556-b63e-80cb8e97f05b,128.496261,37.166115,128.48829,37.159763,128.48829,37.166115,128.496261,37.159763
Yixing Xielian power station,CN,gas,pacific,840,31.397538,119.827095,95c93992-ba56-4fbf-aa9d-336791717c6e,119.830816,31.400714,119.823374,31.394362,119.823374,31.400714,119.830816,31.394362
Yokkaichi thermal power station,JP,gas,pacific,585,34.97397,136.6459,333a90cd-e946-4f4d-ac75-3894c2baab26,136.649776,34.977146,136.642024,34.970794,136.642024,34.977146,136.649776,34.970794
Yokohama thermal power station,JP,gas,pacific,3541,35.47703,139.6779,3f19ae4c-d4b9-4f5b-8676-cee4fa5d6db5,139.6818,35.480206,139.674,35.473854,139.674,35.480206,139.6818,35.473854
Yoshinoura thermal power plant,JP,gas,pacific,502,26.2767,127.8132,fa9437b1-2f46-4401-a18a-308e232b6765,127.816742,26.279876,127.809658,26.273524,127.809658,26.279876,127.816742,26.273524
Yudean Huadu Gas Thermal power station,CN,gas,pacific,920,23.362915,113.093,a01bc0fd-8e4a-4d13-a9cc-2641b328433a,113.09646,23.366091,113.08954,23.359739,113.08954,23.366091,113.09646,23.359739
Yudean Huizhou Gas power station,CN,gas,pacific,2550,22.759327,114.613691,0a6066b8-dc8d-4541-9a53-5b3734030254,114.617135,22.762503,114.610247,22.756151,114.610247,22.762503,114.617135,22.756151
Yudean Shenzhen Qianwan Gas power station,CN,gas,pacific,1170,22.50785,113.849683,644a884e-aa8a-4b91-8262-e4c0705462fb,113.853121,22.511026,113.846245,22.504674,113.846245,22.511026,113.853121,22.504674
Yudean Xinhui Gas power station,CN,gas,pacific,780,22.253854,113.066065,9a720cb3-a9f3-4789-b3e4-b545437cdfa8,113.069497,22.25703,113.062633,22.250678,113.062633,22.25703,113.069497,22.250678
Yudean Zhongshan Sanjiao Gas Thermal power station,CN,gas,pacific,1380,22.712865,113.440746,092693ec-fc78-4a0b-b07e-1fd63f9a223d,113.444189,22.716041,113.437303,22.709689,113.437303,22.716041,113.444189,22.709689
Yuehua Huangpu power station,CN,gas,pacific,846,23.078627,113.500547,cfbfdd6a-3600-4c74-afaf-a0b0ebf1a00a,113.503999,23.081803,113.497095,23.075451,113.497095,23.081803,113.503999,23.075451
Yulchon power station,KR,gas,pacific,1523,34.913,127.593,3a1f4e83-51cc-4981-b9f9-29e25c34ffa4,127.596873,34.916176,127.589127,34.909824,127.589127,34.916176,127.596873,34.909824
Zheneng Changshan Gas power station,CN,gas,pacific,458,28.925712,118.462985,9369fc5f-bac4-42f8-89f2-06937f17f820,118.466614,28.928888,118.459356,28.922536,118.459356,28.928888,118.466614,28.922536
Zheneng Changxing Natural Gas power station,CN,gas,pacific,870,30.979487,119.92028,f608522e-f4a0-4b6d-af21-e479da7e8831,119.923985,30.982663,119.916576,30.976311,119.916576,30.982663,119.923985,30.976311
Zheneng Jinhua Gas power station,CN,gas,pacific,186,29.069833,119.580378,0cc2b358-2486-4a48-a9df-af568dc808af,119.584012,29.073009,119.576744,29.066657,119.576744,29.073009,119.584012,29.066657
Zheneng Ningbo Zhenhai Power Center Natural Gas Thermal power station,CN,gas,pacific,700,30.022471,121.661074,a659f27d-3121-4f55-8045-6b88661d0393,121.664742,30.025647,121.657406,30.019295,121.657406,30.025647,121.664742,30.019295
Zheneng Wenzhou Longwan power station,CN,gas,pacific,342,27.968583,120.807422,b5340924-1df0-4425-ae2a-ab56a7ed2450,120.811018,27.971759,120.803826,27.965407,120.803826,27.971759,120.811018,27.965407
Zheneng Zhenhai Natural Gas power station,CN,gas,pacific,790,29.946169,121.688796,0d2ae196-9d09-47fe-a26f-f936e90e9267,121.692461,29.949345,121.685131,29.942993,121.685131,29.949345,121.692461,29.942993
Zheneng Zhenhai United power station,CN,gas,pacific,344,29.943895,121.684007,b96d9f6f-12fa-4d16-bfb2-452f2dd7947f,121.687672,29.947071,121.680342,29.940719,121.680342,29.947071,121.687672,29.940719
Zhongshan Nanlang Gas power station,CN,gas,pacific,360,22.55203,113.5694,83551ece-54e8-4f42-8888-3c751849bfb5,113.572839,22.555206,113.565961,22.548854,113.565961,22.555206,113.572839,22.548854
Zhongshan Yong'an Gas Thermal power station,CN,gas,pacific,180,22.665361,113.195853,5dc2fd8a-8d2e-43b5-a79b-ed8bf96182bc,113.199295,22.668537,113.192411,22.662185,113.192411,22.668537,113.199295,22.662185
